CREATE DATABASE library_lab;
USE library_lab;

CREATE TABLE MEMBER (
    MemberID INT,
    FullName VARCHAR(100) NOT NULL,
    Email VARCHAR(100) NOT NULL,
    Age INT,
    Gender ENUM('MALE','FEMALE','OTHER'),
    CONSTRAINT PK_MEMBER PRIMARY KEY (MemberID),
    CONSTRAINT UQ_MEMBER_EMAIL UNIQUE (Email),
    CONSTRAINT CHK_MEMBER_AGE CHECK (Age >= 12)
);

CREATE TABLE BOOK (
    BookID INT,
    Title VARCHAR(150) NOT NULL,
    ISBN VARCHAR(20) NOT NULL,
    Price DECIMAL(6,2),
    Status ENUM('AVAILABLE','BORROWED') DEFAULT 'AVAILABLE',
    CONSTRAINT PK_BOOK PRIMARY KEY (BookID),
    CONSTRAINT UQ_BOOK_ISBN UNIQUE (ISBN),
    CONSTRAINT CHK_BOOK_PRICE CHECK (Price >= 0)
);

CREATE TABLE LOAN (
    LoanID INT,
    MemberID INT,
    BookID INT,
    CONSTRAINT PK_LOAN PRIMARY KEY (LoanID),
    CONSTRAINT FK_LOAN_MEMBER FOREIGN KEY (MemberID) REFERENCES MEMBER(MemberID),
    CONSTRAINT FK_LOAN_BOOK FOREIGN KEY (BookID) REFERENCES BOOK(BookID)
);

INSERT INTO MEMBER VALUES
(1, 'Rahim Uddin', 'rahim@gmail.com', 20, 'MALE'),
(2, 'Karim Ali', 'karim@gmail.com', 25, 'MALE'),
(3, 'Nusrat Jahan', 'nusrat@gmail.com', 22, 'FEMALE'),
(4, 'Sadia Islam', 'sadia@gmail.com', 18, 'FEMALE'),
(5, 'Tanvir Hasan', 'tanvir@gmail.com', 30, 'MALE');

INSERT INTO BOOK VALUES
(101, 'Database Systems', 'ISBN001', 450.00, 'AVAILABLE'),
(102, 'Java Programming', 'ISBN002', 550.00, 'AVAILABLE'),
(103, 'C Programming', 'ISBN003', 400.00, 'AVAILABLE'),
(104, 'Data Structures', 'ISBN004', 600.00, 'AVAILABLE'),
(105, 'Networking Basics', 'ISBN005', 500.00, 'AVAILABLE');

INSERT INTO LOAN VALUES
(1, 1, 101),
(2, 2, 102),
(3, 3, 103),
(4, 4, 104),
(5, 5, 105),
(6, 1, 102);

INSERT INTO MEMBER VALUES
(6, 'Duplicate User', 'rahim@gmail.com', 28, 'MALE');

INSERT INTO LOAN VALUES
(7, 99, 101);

INSERT INTO BOOK VALUES
(106, 'Invalid Book', 'ISBN006', -200.00, 'AVAILABLE');

ALTER TABLE MEMBER
ADD Phone VARCHAR(15) NOT NULL DEFAULT 'N/A';

ALTER TABLE BOOK
MODIFY Price DECIMAL(8,2);

ALTER TABLE BOOK
CHANGE Status Availability ENUM('AVAILABLE','BORROWED') DEFAULT 'AVAILABLE';

ALTER TABLE MEMBER
DROP COLUMN Gender;

ALTER TABLE MEMBER
ADD CONSTRAINT CHK_MEMBER_PHONE CHECK (Phone <> '');

RENAME TABLE LOAN TO BORROW;